1352	Goong S	3.3	146	1	2007	{6,1}
1353	My Girl	3.93	510	1	2005	{1,7}
1854	Yu-hee, the Witch	3.38	101	1	2007	{6,1,7}
1922	Jewel in the Palace	4.39	90	1	2003	{6,35,7,45}
1957	One Fine Day	3.3	32	1	2006	{6}
2160	Beautiful Days	3.25	15	1	2001	{6}
2193	Full House	3.75	512	1	2004	{1,6,7}
2294	The Legend	4.27	105	1	2007	{5,12,6}
2308	Biscuit Teacher and Star Candy	3.82	56	1	2005	{6,1}
2411	Invisible Man	2.33	9	1	2006	{6}
2418	Time Between Dog and Wolf	4.05	277	1	2007	{7,4}
2493	The Lucifer	3.94	72	1	2007	{7,6}
2559	Princess Hours	3.84	154	1	2006	{6}
2715	Sassy Girl, Chun-hyang	3.81	130	1	2005	{1,6}
2753	Ice Girl	4.33	12	1	2005	{7,6}
2793	My Lovely Sam Soon	4.04	194	1	2005	{6,7,1}
2794	A Love to Kill	3.85	262	1	2005	{4,6}
2796	Sorry, I Love You	4.14	343	1	2004	{6,7}
2797	Spring Waltz	3.92	41	1	2006	{6}
2798	Let's Go, Sangdoo	3.71	32	1	2003	{6}
2799	Ireland	3	13	1	2004	{6}
3011	Over the Rainbow (KR)	3.7	61	1	2006	{6}
3096	Which Star Are You From?	3.67	39	1	2006	{6}
3474	Couple or Trouble	4.04	38	1	2006	{6}
3475	Loveholic	3.12	51	1	2005	{6}
4163	Cat on the Roof	3.47	24	1	2003	{6}
4341	Forbidden Love	3.2	8	1	2004	{30,6,7}
4343	Genghis Khan	4.21	36	1	2005	{4,6}
4734	The Man of the Vineyard	3.93	96	1	2006	{6}
4893	Tree in Heaven	3.63	302	1	2006	{6}
5716	Thank You	4.17	42	1	2007	{6,7}
5812	IRIS	4.06	690	2	2009	{6,4,105}
6173	Winter Sonata	3.87	105	1	2002	{6,7}
6292	Only You	3.27	23	1	2005	{56,6}
6333	Snow White	3.4	86	1	2004	{7,1,6}
6341	Green Rose (KR)	3.67	27	1	2005	{25,6}
6509	Iljimae	4.4	339	1	2008	{45}
6584	Ju Mong	4.79	26	1	2006	{6}
6655	Que Sera, Sera	3.78	126	1	2007	{7,6}
6788	18, 29	3.77	103	1	2005	{6,1}
6804	Hello, My Lady!	3.65	42	1	2007	{7,6}
6810	Lovers (2006)	3.93	47	1	2006	{6}
6816	When A Man Loves A Woman	3.29	20	1	2004	{6}
6817	Marrying A Millionaire	3.4	24	1	2005	{6,1}
6820	Memories of Bali	3.75	68	1	2004	{6}
6972	My Love Patzzi	4	27	1	2002	{6}
7369	Beautiful Life (KR)	3	7	1	2001	{6}
7687	Say You Love Me	3.29	15	1	2004	{6}
7738	Save The Last Dance For Me	3.7	24	1	2004	{6}
7739	Hello, God!	3.44	16	1	2006	{6}
7828	First Love (KR)	0	7	1	1996	{6}
7829	Gift (KR)	5	3	1	2002	{10,6}
7830	The Snow Queen (KR)	3.74	62	1	2006	{6}
7832	Perfect Love (KR)	5	8	1	2003	{6}
7858	You're Beautiful	4.28	5450	1	2009	{6,1,7}
7940	Dal Ja's Spring	3.94	82	1	2007	{1,7,6}
8261	Emperor of the Sea	3.83	17	1	2004	{6}
8305	The Daring Sisters	4	6	1	2006	{6}
8306	The Dance in the Sky	4.23	27	1	2008	{12,6,4,7}
8310	Summer Beach	3	8	1	2005	{6}
8311	Little Bride	3.93	27	1	2004	{6}
8871	Something About 1%	3.16	74	1	2003	{1,6}
8922	Wonderful Life (KR)	3.5	22	1	2005	{6,1,10}
9935	All In	4.17	82	1	2003	{28,6,4}
9976	Marry Me (KR)	2.5	9	1	2004	{6,1}
10180	Princess Lulu	3.2	13	1	2005	{6}
10774	A Man and A Woman	3.25	8	1	2005	{6}
11033	My Girlfriend is a Gumiho	4	1305	1	2010	{6,1,7,12}
11328	My Fair Lady	3.31	35	1	2003	{7,6}
11493	Mary Stayed Out All Night	3.92	2638	1	2010	{6,1,7}
11579	Mischievous Kiss	3.94	3285	1	2010	{7,6,1}
11727	Revenge (KR)	4.57	22	1	2005	{6}
12050	Autumn in My Heart	3.94	132	1	2000	{6,7,10}
12336	Queen of the Game	3.43	14	1	2006	{6}
12495	My 19 Years Old Sister In Law	3.69	30	1	2004	{6}
12584	Athena: Goddess of War	3.82	233	1	2010	{26,4,105}
13463	Smile Again	4.08	26	1	2006	{6}
14026	Happy Together	2.67	8	1	1999	{7,6,10}
14725	First Love of a Royal Prince	3.39	41	1	2004	{1,6}
14882	Confession	0	5	1	2002	{6}
14904	The King Dae Joyoung	4.85	62	1	2006	{6}
14953	Hong Gil Dong	4.26	360	1	2008	{7,4,1}
15137	Sungkyunkwan Scandal	4.3	1231	1	2010	{1,45,7}
15141	Soul Mate	3.97	69	1	2006	{6}
15340	Hwang Jin Yi	4.57	141	1	2006	{6,45}
15429	Alone in Love	4.25	19	1	2006	{6}
15939	Summer Scent	3.6	20	1	2003	{6}
16088	Boys over flowers	4.2	5403	2	2009	{1,2,7,6,31,10}
16150	Dream High	4.11	2797	2	2011	{1,7,6,32}
16338	Air City	3.33	26	1	2007	{7,6}
16769	Age of Heroes	5	5	1	2004	{6}
17306	Coffee Prince	4.01	2133	1	2007	{6,7,1}
18203	A Good Man	0	7	1	2003	{6}
18305	Oh! My Lady	3.73	706	1	2010	{10,37,18,1,6,7,31,11}
18508	Secret Garden	4.25	3087	1	2010	{6,12,7,1}
18912	Love Story in Harvard	3.83	16	1	2004	{6}
19264	Sweet Spy	3.77	35	1	2005	{6}
19275	The Legendary Police Woman	2.5	9	1	2003	{5,6,4}
19371	Famous Princesses	5	4	1	2006	{6}
19692	Angel's Kiss	0	5	1	1998	{6}
19943	Stairway to Heaven	3.65	40	1	2003	{6}
20012	Days in the Sun	0	4	1	2002	{6}
20465	Ja Myung Go	4	21	1	2009	{7,45}
20531	We Got Married (우리 결혼했어요)	4.16	456	4	2008	{37,1,34,7}
20563	Loving You	3.5	9	1	2002	{6}
20637	Bad Boys (KR)	2	11	1	2000	{6}
20688	Running Man	4.83	1602	2017	2010	{1}
20752	Love of Thousands Years	3.56	38	1	2003	{6}
20757	Romance (KR)	4	19	1	2002	{6}
20798	Great Expectations	3.88	13	1	2006	{6}
20894	Strong Heart (강심장)	4.42	196	1	2009	{37,54}
20949	Sea of Sisters	0	2	1	2005	{10,6}
21052	Immortal Lee Soon Shin	0	8	1	2004	{4,27,6}
21127	Song of the Prince	0	2	1	2005	{6}
21167	Bright Girl’s Success	3.1	20	1	2002	{6}
21536	Money’s Warfare	2	6	1	2007	{6}
22080	Lovers	4	17	1	2001	{1,6}
22250	Scent of a Woman	4.18	278	1	2011	{6,7}
22252	Be Strong, Geum-soon	3.43	13	1	2005	{6}
22586	Ms. Kim’s Million Dollar Quest	3.67	8	1	2004	{1,6}
22772	Beethoven virus	4.07	533	1	2008	{6,7,32,1}
22809	The Return of Iljimae	3.96	61	1	2009	{45,7}
22847	Fireworks	3.13	21	1	2006	{6}
22864	Dancing with the Stars (KS)	5	8	1	2011	{37,10,11,32}
22930	Shining Days	5	4	1	2004	{6}
23042	MAGIC	3	12	1	2004	{6}
23153	Star King (스타킹)	4.13	93	1	2007	{18,11,32,10,38,37}
23235	Sad Love Story	4	22	1	2005	{6,32}
23300	A Farewell to Sorrow	4	4	1	2005	{6}
23432	Bodyguard	2.33	9	1	2003	{6}
23585	Stained Glass	3.67	16	1	2004	{6}
23951	Surgeon Bong Dal Hee	3.75	11	1	2007	{6}
24328	Love Rain	4.05	1676	1	2012	{6,7}
24329	White Christmas	4.48	1489	1	2011	{26,6}
24330	What's Up	4.06	288	1	2011	{6,1}
24423	Flowers for My Life	3.17	16	1	2007	{6,7}
24480	Haru : An Unforgettable Day in Korea	3.59	84	1	2010	{7,4,1,6,32}
24484	The Fugitive: Plan B	4.05	270	1	2010	{6,4,1,7}
24485	Princess Ja Myung Go	4.23	40	1	2009	{45,6}
24486	I Am Sam	3.17	93	1	2007	{7,1,6}
24657	Fashion 70s	5	7	1	2005	{6,10}
24929	Cinderella	3.88	18	1	1997	{6,10}
25542	Into the Sun	4	4	1	2003	{6}
25567	Big	3.99	1238	1	2012	{7,1,6}
25603	Spy Myung Wol	3.99	356	1	2011	{1,7}
25648	My Country Calls / Secret Agent Miss Oh	3.68	34	1	2010	{7,1}
25649	My Happy Home / My Sweet Home	3.67	11	1	2010	{6,25}
25663	Shut Up Flower Boy Band	4.17	2224	1	2012	{32,7,6}
25670	City Hunter (SK)	4.31	3016	1	2011	{7,6,4}
25676	Bad Guy	3.98	241	1	2010	{26,7,6}
25711	49 Days	4.26	1634	1	2011	{6,7,12}
25723	The Age of Warriors	5	2	1	2003	{6,4}
25752	Rookie	5	2	1	2000	{6}
25810	Rosemary	5	2	1	2003	{6}
25842	Doctor Brothers	4	4	1	2007	{6}
25850	Miss Mermaid	0	3	1	2002	{6}
25909	K-POP - The Ultimate Audition	3.76	1723	1	2012	{32,7,6}
25910	To the Beautiful You	3.99	2921	1	2012	{1,7,6}
25937	Sweet Buns	0	2	1	2004	{6,1,7}
26001	The Next	1.5	4	1	2005	{6}
26055	Queen Inhyun's Man	4.35	946	1	2012	{34,50,11,31,7,30,45,6,37,5,4}
26121	The Greatest Love	4.11	499	1	2011	{7,6,1}
26297	Into the Storm	0	2	1	2004	{6,7}
26330	Thank You, My Life	5	3	1	2006	{6}
26395	Law Firm	5	4	1	2001	{6,7}
26400	Love & Hate	0	3	1	2006	{6,10,7}
26410	A Thousand Days' Promise	4	42	1	2011	{6,7}
26421	Bad Girls (KR)	0	1	1	2002	{6}
26604	Emperor Wang Gun	5	6	1	2000	{4,6}
26620	Girls' High School People	5	4	1	2002	{6}
26704	Capital Scandal	3.87	51	1	2007	{6,45,1,7}
26740	Lie to Me	3.86	711	1	2011	{1,7,6}
26800	Crossed Fate	5	3	1	2007	{7,6}
26822	Sunshine (KR)	1	2	1	2002	{6}
26851	Time Slip Dr. Jin	3.61	257	1	2012	{35,12,45}
26856	Faith	4.27	1838	1	2012	{5,45,25,7,12,35}
26962	Sweetheart	5	3	1	2003	{6,10}
27042	3 Leaf Clover	3.75	14	1	2005	{6}
27096	Shin Don	0	3	1	2005	{6}
27198	My Husband's Woman	0	3	1	2007	{6}
27224	Foxy Lady!	3.72	55	1	2006	{1,6}
27269	Legends of Love	0	2	1	2000	{6}
27278	Ma Boy	3.59	783	1	2012	{1,2,18,7}
27287	Arang and the Magistrate	3.87	529	1	2012	{12,7,1}
27297	Freeze	2.5	13	1	2006	{6,7,25,30,26}
27299	New Tales of Gisaeng	4.11	115	1	2011	{6,7}
27300	Soul	3.96	66	1	2009	{28,26,6,30,25,7}
27301	Killer K	3.25	71	1	2011	{26,4}
27305	Dream of 400 Years	3.63	47	1	2011	{7,12,6}
27327	Crazy in Love	3.86	15	1	2007	{6,7}
27348	The Princess' Man	4.34	272	1	2011	{45,6,7}
27350	The Moon That Embraces the Sun	4.23	771	1	2012	{12,45,25,6,7}
27352	Snow Flakes	5	2	1	2003	{6,10}
27382	You and I	3	3	1	1997	{10,6}
27399	the King 2 Hearts	4.17	603	1	2012	{6,4,1,36}
27407	Heartstrings (You've Fallen for Me)	4.09	3173	1	2011	{7,11,2,76,32}
27452	Lawyers	2	4	1	2005	{6}
27488	Reply 1997	4.39	1283	1	2012	{6,1}
27513	Coffee House	3.5	262	1	2010	{31,6,7,1}
27585	The Innocent Man	4.25	805	1	2012	{6,7}
27600	PUNCH	4.5	3	1	2003	{6}
27642	Secret	0	4	1	2000	{6}
27673	Remember	0	3	1	2002	{6}
27713	Seoul 1945	0	5	1	2006	{27,6}
27737	Memories (KR)	5	2	1	1998	{6}
27877	Heaven's Fate	0	2	1	2004	{6}
27883	MIna	5	2	1	2001	{6}
27905	My Rosy Life	0	2	1	2005	{6}
27955	End of Love	5	3	1	2006	{6}
28032	Great Ambition	4	5	1	2002	{6,4}
28063	Chuno	4.35	65	1	2010	{6,5,45}
28083	May Queen	4.42	95	1	2012	{6,7,10}
28084	Five Fingers (2012)	4	69	1	2012	{32,7,6}
28156	Ghost	4.3	126	1	2002	{6}
28176	Salt Doll	0	2	1	2007	{6}
28183	The War of Roses	5	2	1	2004	{6}
28189	The Age of Innocence	3.25	7	1	2002	{6}
28226	So In Love	5	2	1	2006	{6}
28292	Dangerous Love	5	6	1	2005	{6,7}
28295	Pearl Necklace	5	3	1	2003	{6}
28305	That Woman	5	3	1	2005	{6}
28309	Mr. Duke	5	3	1	2000	{6}
28361	Moon Hee	0	2	1	2007	{6,10}
28382	Love Letter	4.4	9	1	2003	{6}
28408	Behind The White Tower	2	6	1	2007	{6}
28441	Spring Days	3	8	1	2005	{6}
28442	When Spring Comes	4	6	1	2007	{7,6}
28483	Rules of Love	3	8	1	2005	{6}
28514	Glass Shoes	3	5	1	2002	{10,6}
28538	The Unstoppables	5	2	1	2000	{6}
28569	April Kiss	0	4	1	2004	{7,6}
28579	Hero: Unseen Warfare	3.45	65	1	2009	{1}
28639	December Fever	3	2	1	2004	{6}
28829	Four Sisters	4.93	48	1	2001	{10,6}
28842	Rooftop Prince	4.29	1757	1	2012	{7,12,1}
28891	East Of Eden (KR)	3.92	49	1	2008	{10,4,6}
28895	History of the Salaryman	4.17	65	1	2012	{6,97,1}
28918	Hearts of Nineteen	0	5	1	2006	{1,7,6}
28919	Smile, You	3.61	33	1	2010	{7,10,1}
28957	Roses and Bean Sprouts	5	2	1	1999	{6}
29014	Ladies of the Palace	5	3	1	2001	{6}
29035	My Name Is Princess	0	4	1	2002	{6}
29096	Feast of Gods	3.71	24	1	2012	{7}
29109	Juliet…s Man	5	2	1	2000	{6}
29165	90 Days, Time to Love	4.14	18	1	2006	{6}
29171	Stars Falling From the Sky	3.74	73	1	2010	{1,7,6}
29190	My Beloved Sister	0	1	1	2006	{6}
29228	Haeundae Lovers	3.29	41	1	2012	{4,7,6,1}
29229	Golden Bride	4	14	1	2007	{10,6,7}
29243	Phoenix (KR)	3	6	1	2004	{6}
29313	Sweet Heart, Sweet Darling	5	2	1	2005	{6}
29321	Hotelier	3.83	19	1	2001	{97,6}
29345	Wedding	3.17	9	1	2005	{6}
29356	Bad Couple (KR)	3.13	48	1	2007	{6,1,7}
29358	Cheongdamdong Alice	3.71	697	1	2012	{57,7,1}
29359	School 2013	4.27	1819	1	2012	{6,1}
29371	Into the Sunlight	0	2	1	1999	{6}
29372	Let's Get Married	0	3	1	2005	{1,6}
29374	Creating Destiny	3.78	26	1	2009	{7,10}
29420	SWAT Police	5	4	1	2000	{28,4,6}
29480	Paradise Ranch	3.54	191	1	2011	{10,7,104,1,6}
29488	A Thousand Kisses	3.6	85	1	2011	{7,6}
29494	The King of Dramas	4	441	1	2012	{7,1,6}
29498	Prosecutor Princess	3.88	260	1	2010	{7,1,28,6}
29499	Panda and Hedgehog	3.59	613	1	2012	{56,7,1}
29516	Vampire Prosecutor	4.07	406	2	2011	{28,6,12,25}
29537	The Kingdom of The Winds	4.45	28	1	2008	{45,12}
29553	Obstetrics and Gynecology Doctors	4.05	111	1	2010	{6,35}
29603	Gyeoul Yeonga	3.95	122	1	2009	{7,29,6}
29658	Golden Apple	0	3	1	2005	{6,10}
29667	Beautiful Temptation	5	3	1	2004	{6}
29687	Flower Boy Ramyun Shop	3.9	2140	1	2011	{1,7}
29692	My Princess	3.77	405	1	2011	{1,6,7}
29750	First Love (2003)	0	5	1	2003	{6}
29755	Fairy and Swindler	5	3	1	2003	{6}
29850	Stock Flower	5	3	1	2001	{6,7}
29865	Full House 2	3.94	612	1	2012	{7,1}
29976	Lotus Flower Fairy	5	3	1	2004	{6}
30006	TV Novel - Wind Flower	5	3	1	2005	{6}
30055	Flower Boy Next Door	4.07	3649	1	2013	{7,2,1}
30067	Missing You (2012)	3.95	745	1	2012	{6}
30120	Tree With Deep Roots	4.32	60	1	2011	{45,6}
30210	Breathless	2	6	1	2003	{6}
30225	Love in Heaven	5	5	1	2005	{7,6}
30333	7th Grade Civil Servant	3.81	364	1	2013	{1,105,7,4}
30431	Sirius	3.95	56	1	2013	{10,28,6}
30476	It's Alright, Daddy's Daughter	4.17	31	1	2010	{10,6}
30494	A Gentleman's Dignity	4.47	1308	1	2012	{7,6,1}
30501	Padam Padam: The Sound of His and Her Heartbeats	3.94	104	1	2011	{7,12}
30503	Rose Fence	5	2	1	2003	{6}
30546	Shining Inheritance	3.97	281	1	2009	{1,6,7,10}
30575	City Lovers	3.91	533	1	2010	{7,1}
30577	Love and Ambition	5	3	1	2006	{6}
30586	Family Honor	4.45	16	1	2008	{10,7}
30668	Personal Taste	4.03	2729	1	2010	{6,1,7}
30701	Hateful But Once Again	3.57	12	1	2009	{7,6}
30745	The World That They Live In	3.95	72	1	2008	{6,7}
30786	Damo	3.67	9	1	2003	{28,45,7}
30788	Can You Hear My Heart?	3.97	170	1	2011	{10,7,6}
30811	That Winter, The Wind Blows	4.12	585	1	2013	{7,6}
30818	Ad Genius Lee Tae Baek	3.5	56	1	2013	{1,6,7}
30819	Queen of Ambition	3.74	111	1	2013	{31,36,6,7}
30820	Nine: Nine Time Travels	4.02	224	1	2013	{7,6}
30886	Explorers Of The Human Body	4.48	259	1	2007	{1,33,43}
30903	Superstar K	4.43	19	3	2009	{38,11,32}
30964	Ruler of Your Own World	4	4	1	2002	{6}
31075	Lovers in Paris	3.36	24	1	2004	{6}
31199	Sunflower	0	2	1	1998	{6}
31205	One Million Roses	5	3	1	2003	{6}
31214	Forever Yours	3	3	1	1998	{6}
31360	Ta-Dah! It's B.A.P	4.19	162	1	2012	{54,1}
31515	Escape From Unemployment	5	3	1	2003	{6}
31567	The Truth	4	5	1	2000	{6}
31588	Vampire idol	3.87	134	1	2011	{1,12}
31591	Protect the Boss	3.85	886	1	2011	{7,6,1}
31592	Can We Get Married?	3.41	71	1	2012	{7,6,10}
31599	Me Too, Flower	3.87	831	1	2011	{7}
31608	INFINITE's Ranking King	4.48	219	1	2012	{37,1}
31611	Robber	3.6	10	1	2008	{1,7}
31612	Shinhwa Broadcast	4.65	78	2	2012	{1,37}
31625	Come on over	4.56	19	1	2012	{37,32}
31626	All About Eve	4	6	1	2000	{6}
31633	Baby-faced Beauty	3.37	119	1	2011	{7,1,6}
31656	Swan Lake	5	2	1	2003	{6}
31666	Terms of Endearment	5	2	1	2004	{6}
31761	Gu Family Book	4.31	886	1	2013	{25,7,45,6,28}
31762	B.A.P's Killing Camp	4.38	190	1	2012	{37,1}
31878	Pasta	4.1	253	1	2010	{56,6,7}
31966	Hello, Francesca	4	6	3	2005	{30,6,1}
32055	Us & Them	3.32	138	1	2014	{1}
32065	Family Outing	4.47	148	2	2008	{1}
32116	Take Care of Agasshi /My Fair Lady	3.71	219	1	2009	{1,7}
32181	A Man Called God	4	39	1	2010	{4,6,28,7}
32184	Come Back Soon-ae!	3	4	1	2006	{6}
32196	Ojakkyo Brothers	3.89	79	1	2011	{7,10}
32208	Infinite Challenge	4.56	192	4	2005	{1}
32261	My Lovely Fool	3	3	1	2006	{6}
32295	Medical Center (KR)	0	3	1	2000	{6}
32342	Star's Lovers	3.5	14	1	2008	{7}
32345	You're the Best, Lee Soon Shin	3.7	175	1	2013	{10,1}
32354	Nail Salon Paris	3.42	399	1	2013	{1,57,7}
32356	Monstar	3.79	1660	1	2013	{32,6,7}
32397	Shooting the Star	0	4	1	2002	{6}
32416	Lovers in Prague	4.81	63	1	2005	{6}
32418	Warrior Baek Dong Soo	4.16	179	1	2011	{6,4}
32419	My Shining Girl	3.45	438	1	2012	{6,7,1}
32444	The Queen's Classroom	4.18	133	1	2013	{18,2,6,1}
32446	Two Weeks	4.21	257	1	2013	{28,6,4,26}
32447	The Master's Sun	4.54	2491	1	2013	{30,12,26,6,7,1}
32448	The Heirs	4.23	5268	1	2013	{6,7,1}
32457	The Goddess of Fire, Jung-Yi	3.81	107	1	2013	{45,7}
32458	Scandal (SK)	4.11	112	1	2013	{7,28,6}
32475	SHINee One Fine Day	4.66	186	1	2013	{37,50}
32497	Honesty	3.33	5	1	2000	{6}
32498	Last Scandal	3.5	19	1	2008	{6,1,7}
32507	Inspector Park Moon Soo	5	3	1	2002	{6}
32513	9 End 2 Outs	4.03	58	1	2007	{1,7,6}
32516	Incarnation of Money	4	54	1	2013	{6}
32517	Cruel City	4.46	328	1	2013	{7,6,26,4,28}
32630	She Is Cool!	5	3	1	2003	{6}
32634	More Beautiful Than a Flower	3.5	4	1	2004	{6,7}
32637	I Hear Your Voice	4.48	2560	1	2013	{7,26,25,12,6}
32738	Her Legend	3.73	82	1	2013	{6,7}
32739	Who Are You?	3.99	902	1	2013	{26,25,7}
32740	Green Scalpel	4.37	288	1	2013	{35,7,6}
32742	The Blade and Petal	3.1	68	1	2013	{7,6,4,45}
32786	Ice Flower	5	3	1	2002	{6}
32858	Barefoot Friends	3.69	135	1	2013	{50,37,1}
32878	Она - просто нечто / She is WOW	3.3	130	1	2013	{1,6,7,28}
32887	Huh Joon	3.5	4	1	1999	{6}
32909	Tomato	4	3	1	2002	{6}
32910	Star in My Heart	4	13	1	1997	{6}
32945	The Painter of the Wind	4.02	110	1	2008	{45,6,7}
32946	The Gumiho's Revenge	3.91	24	1	2010	{7,6,25,26}
32955	Miss Ripley	3.5	74	1	2011	{6,7}
33059	You Are My Oppa	3.96	113	1	2010	{1,37,34}
33062	The Bad Housewife	2	3	1	2005	{6}
33131	Jang Ok Jung, Living in Love	4.23	171	1	2013	{6,7,45}
33144	What Happened on Island?	0	3	1	2004	{6}
33233	Super Rookie	3	5	1	2005	{97,6}
33324	Country Princess	4	3	1	2003	{6}
33387	Temptation of an Angel	3.33	8	1	2009	{7,6}
33424	Man of the Sun, Lee Je-ma	5	2	1	2002	{6}
33434	Агентство "Сирано" / Dating Agency: Cyrano	3.74	436	1	2013	{7,1}
33466	My Love (2006)	4	3	1	2006	{6}
33468	Side Street People	5	3	1	2002	{10,6}
33519	Bridal Mask	4.1	179	1	2012	{4,45,6}
33618	Screen	0	2	1	2003	{6}
33636	HIT	4	8	1	2007	{28,6,4}
33725	Good Bye, Solo	4	4	1	2006	{6}
33729	Yoo-ryeong	4.46	119	1	2012	{36,6,28,4}
33730	When a Man Loves	3.64	176	1	2013	{7,6}
33792	Yi San	4	9	1	2007	{7,6,45}
33883	Heroes (영웅호걸)	4.22	43	1	2010	{1}
33915	Operation Proposal	3.52	131	1	2012	{7,6,12}
33931	I need romance 2012	3.72	205	1	2012	{6,7}
33951	A Hundred Year’s Inheritance	4.25	15	1	2013	{10,6,7}
33984	Secret Love	4.28	715	1	2013	{28,6,32,26,7}
34013	Dr. Gang	3.5	4	1	2006	{6}
34017	I need romance	3.8	256	1	2011	{6,7,1}
34021	Powerful Opponents	4.12	28	1	2008	{6,7}
34025	The Secret Angel	3.55	156	1	2012	{7,6,1,12,25}
34032	Marry Him If You Dare	3.63	569	1	2013	{1,7,6}
34033	Medical Top Team	4.06	195	1	2013	{35,7}
34034	Cheo Yong	3.8	143	2	2014	{26,30,28,4}
34035	Passionate Love	3.5	36	1	2013	{10,7,6}
34042	My Daughter Seo Yeong	4.14	35	1	2012	{6,7,10}
34067	The King’s Woman	5	3	1	2003	{6}
34074	Suspicious Housekeeper	3.96	106	1	2013	{6}
34075	Waiting for Love	4.03	110	1	2013	{7,6}
34226	God's Quiz	4.49	180	4	2010	{35,25,28}
34257	On the Prairie	0	3	1	2003	{6}
34272	City Hall (2009)	4.08	104	1	2009	{7}
34305	Guardian Angel	3	4	1	2001	{6}
34311	Reply 1994	4.13	577	1	2013	{1,2,6}
34325	Love is All Around	4	3	1	2004	{6}
34586	Empress Ki	4.55	968	1	2013	{45,4,6,36,7}
34588	High Kick! The Revenge of the Short Legged	4.15	46	1	2011	{1,10,7}
34599	Fashion King	3.24	271	1	2012	{7,6}
34605	Golden Rainbow	3.92	97	1	2013	{7,6,10}
34606	Bel Ami	3.57	1036	1	2013	{1,7,6}
34609	Age of feeling: Inspiring generation	3.8	211	1	2014	{6,36,4,45,7}
34622	Miss Korea	3.43	246	1	2013	{7,6}
34623	The Prime Minister and I	3.76	448	1	2013	{10,7,1}
34624	The Woman Who Married Three Times	3.25	15	1	2013	{7,10}
34625	Melody of Love	4.1	30	1	2013	{10,7}
34626	Man from the Stars	4.37	2689	1	2013	{12,25,7}
34634	High Kick Through the Roof	4.21	69	1	2009	{1,7}
34638	Hold My Hand	0	3	1	2013	{7,10,6}
34639	Unemployed Romance	2.95	39	1	2013	{1,7}
34645	King's Daughter, Soo Baek Hyang	4.2	37	1	2013	{36,6,7,45,10}
34646	Your Neighbor's Wife	1	5	1	2013	{1,7,10,25}
34647	Basketball (2013)	4	41	1	2013	{6,4,44,7,45}
34753	Weekly Idol (주간 아이돌)	4.61	877	1	2011	{37,1}
34786	Ugly Alert	4.06	35	1	2013	{10,6,7}
34788	Mamma Mia (맘마미아)	3.75	25	1	2013	{37,1}
34839	Conspiracy in the Court	3.5	6	1	2007	{6,45}
34877	King of Baking, Kim Tak Goo	4.15	176	1	2010	{7,113,6,10}
34914	WIN: Who is Next?	4.4	589	1	2013	{37,38,32}
34919	Phantom	4.35	222	1	2012	{6,25}
35003	Exo Showtime	4.45	1155	1	2013	{37,32}
35019	Cain and Abel	4.09	82	1	2009	{7,6,4,35}
35052	One Well-Raised Daughter	3.81	142	1	2013	{7,10}
35204	Let's Eat	4.21	262	2	2013	{6,1,7}
35205	Sandglass	4.4	15	1	1995	{6}
35342	Gloria (Geulroria)	3.57	12	1	2010	{6,7,10}
35348	Jungle Fish 2	3.96	44	1	2010	{2,6}
35352	Hello Baby	4.2	157	7	2009	{10,1,18,37}
35443	K-pop Star	4.16	179	4	2011	\N
35596	WINNER TV	4.6	490	1	2013	{37,1}
35619	Emergency Man and Woman	4.21	1448	1	2014	{7,1,35}
35653	I Need Romance 3	4.14	312	1	2014	{6,7,1}
35657	Take Care of Us, Captain	3.88	47	1	2012	{7,6,50}
35658	Romance Town	3.5	24	1	2011	{1,6,7}
35697	Real Experience Project: The Human Condition	3	6	2	2012	{10,34}
35706	A Little Love Never Hurts	4.5	7	1	2013	{7,10}
35725	The thousandth man	3.51	136	1	2012	{6,12,7}
35739	The Man Who Can't Get Married	4.05	45	1	2009	{6,7,1}
35755	Billie Jean, Look at Me	3.5	5	1	2006	{6}
35840	Cool Kiz On The Block	3.56	25	1	2013	{10,37,44,1}
35861	Special Affairs Team TEN	4.15	97	2	2011	{4,26,28}
35873	Sweet Bear	5	3	1	2001	{6}
35881	A Delicious Proposal	4	6	1	2001	{6,56,7}
35927	Water Flower	0	4	1	2004	{6,10}
35967	MTV Diary BtoB	4.45	55	1	2012	{37}
35973	You're Only Mine	3	6	1	2014	{6,7,10}
35987	Can We Love?	4.13	27	1	2014	{7,10,1}
35988	Shining Romance	0	2	1	2013	{7,10}
35989	One Warm Word	3.18	27	1	2013	{6,26,10,7,25}
36000	Jeong Do Jeon	0	7	1	2014	{36,45,26,6,4}
36023	My name is Kim Sam Soon	4.04	82	1	2005	{7,1,6}
36038	Beyond the Clouds	3.71	38	1	2014	{6,26,4,7,28}
36044	The Bean Chaff of My Life	4.5	3	1	2003	{6}
36054	Angel's Revenge	3.6	17	1	2014	{10,6,7}
36055	God's Gift - 14 Days	4.55	248	1	2014	{26,6}
36056	Mimi	3.78	162	1	2014	{7}
36057	Bride of the Century	4.17	1394	1	2014	{10,6,7,12}
36058	Wonderful Days	4.08	34	1	2014	{7,6,10}
36059	Her Lovely Heels	3.48	225	1	2014	{7}
36060	Cunning Single Lady	3.91	465	1	2014	{1,7}
36061	Three Days	3.94	148	1	2014	{26,7,36,25,28,4}
36099	Adolescence Medley	3.75	83	1	2013	{7,6,1}
36104	Love Truly	4.5	7	1	2006	{6,1}
36121	Cinderella's Stepsister	3.76	304	1	2010	{6,7}
36190	A Happy Woman	5	3	1	2007	{6,7}
36207	VIXX MyDol	4.23	101	1	2012	{32,37,96}
36310	Hotel King	3.83	428	1	2014	{6}
36311	Wild Chives and Soy Bean Soup: 12 Years Reunion	3.75	21	1	2014	{7}
36314	Mother's Garden	3.67	10	1	2014	{7}
36316	Angel Eyes	3.89	268	1	2014	{7,35,10}
36382	Welcome to the Show	3.88	13	1	2011	{37,1}
36392	Paper Crane	5	3	1	1998	{6,7}
36406	All About My Romance	3.83	48	1	2013	{7,6,1}
36566	Secret Love Affair	3.85	213	1	2014	{7,6,32}
36575	Snowflower	5	3	1	2006	{6}
36582	Steal My Heart	5	2	1	1998	{6}
36686	This is INFINITE	4.37	200	1	2014	{37}
36785	5th Republic	5	2	1	1999	{6}
36796	Hello My Teacher	3.85	128	1	2005	{1,7,6}
36800	Jikjangui Shin	0	4	1	2013	{34,1,7}
36878	Single & Fabulous	5	3	1	2006	{6}
36906	High as the Sky, Wide as the Earth	0	5	1	2007	{6,10}
36943	Come! Jang Bo Ri	4.83	19	1	2014	{7,10}
36944	Into the Flames	0	7	1	2014	{7,45,6}
36946	Big Man	3.52	112	1	2014	{26,7,6}
36947	Gap Dong	4.23	561	1	2014	{25,4,28,6,26}
36948	Golden Cross	3.75	28	1	2014	{26,6}
36954	A Witch's Love	4.07	378	1	2014	{1,7}
36978	A Man's Story	4.4	10	1	2009	{6,4,7}
37121	A Problem At My Younger Brother’s House	5	3	1	2003	{6,10}
37131	Korea's Got Talent	0	3	1	2011	{11,10,32}
37147	Goodbye My Love	3	3	1	1999	{6}
37155	Showtime: Burning the Beast	4.55	178	1	2014	{34,48,32,1,37}
37165	Glorious Day	4.21	44	1	2014	{7,6,10}
37166	A New Leaf	3.28	94	1	2014	{7,6}
37167	Doctor Stranger	4.12	1007	1	2014	{7,35,6}
37168	You're All Surrounded	4.27	960	1	2014	{1,7,4}
37248	Grandpas Over Flowers Investigation Team	4.08	154	1	2014	{28,1}
37249	Triangle	4.02	224	1	2014	{6,4,28,7}
37256	God of War	4	7	1	2012	{45,4,36}
37257	King Gwanggaeto the Great	5	13	1	2011	{4,27}
37258	The King's Dream	0	4	1	2012	{45,6,4}
37302	Yoo Na's Street	2.5	12	1	2014	{1,7,10,28}
37306	Coma (KOR)	2.6	8	1	2006	{26,30}
37396	The 101st Proposal	3.45	26	1	2006	{6}
37404	Cloud Staircase	1	3	1	2006	{6}
37407	Oh! Feel Young	4	4	1	2004	{6}
37408	Blue Fish	0	3	1	2007	{6,7}
37410	Six Love Stories	4.5	3	1	2005	{6}
37411	Did We Really Love	4	3	1	1999	{6}
37496	This Is Love	5	2	1	2001	{6}
37510	Roommate (룸메이트)	4.27	762	2	2014	{37,2,76,32}
37529	South Of the Sun	0	2	1	2003	{6}
37579	King of High School Life Conduct	4.03	1044	1	2014	{1,7}
37609	Roommate	4.44	63	2	2014	\N
37625	Make a Wish	0	7	1	2014	{1,7,10}
37626	Cuckoo Nest	4	13	1	2014	{6}
37627	My Dear Cat	3.45	21	1	2014	{7,10,1}
37640	The Joseon Shooter	3.72	122	1	2014	{7,45,6}
37645	Only Love	0	8	1	2014	{7,10}
37646	Secret Love - Kara	3.83	91	1	2014	{7}
37706	After School Club	3.86	149	1	2013	{1,32,54,38,37}
37709	Endless Love	4	40	1	2014	{28,36,6,4,26,7,45}
37723	Wild Romance	3.76	137	1	2012	{26,1,6,7}
37784	Trot Lovers	3.88	300	1	2014	{1,7,6,32}
37785	Marriage, Not Dating	4.2	1211	1	2014	{7,1}
37834	Love & Success	5	2	1	1998	{6}
37844	Wife Scandal - The Wind Rises	5	3	1	2014	{1,10,7}
37845	High School - Love On	4.05	820	1	2014	{7,6,12}
37852	Jessica & Krystal	4.26	94	1	2014	{10,37,7}
37865	MBLAQ Idol Manager	4.1	35	1	2012	{37,1}
38014	Plus Nine Boys	4.14	200	1	2014	{6,7,1}
38015	It's Okay, It's Love	4.47	1793	1	2014	{35,6,1,7}
38016	What's With This Family	4.36	30	1	2014	{10,1,7}
38017	Finding True Love	3.82	172	1	2014	{7,1}
38018	The Night Watchman	3.6	203	1	2014	{26,12,7,6,45}
38019	Iron Man	3.39	365	1	2014	{7,6,12}
38020	Cantabile Tomorrow	3.84	201	1	2014	{1,32,7}
38021	Magic Hanja	0	4	1	2014	{46,18}
38022	Temptation (2014)	4.03	68	1	2014	{7,10}
38023	Cheongdamdong Scandal	0	7	1	2014	{6}
38024	Irreversible Love	2.5	8	1	2014	{7,31}
38025	Gold Tower	0	5	1	2014	{6}
38060	Fated to Love You	4.08	876	1	2014	{6}
38096	B.A.P Attack!	4.6	90	1	2014	{37,50}
38115	Affection	5	2	1	2002	{10,6}
38180	We Got Married: Global Edition	3.78	82	2	2013	{7}
38244	To Be with You	5	2	1	2002	{10,6}
38335	Sign	4.4	22	1	2011	{35,28,6}
38413	My Secret Hotel	3.7	458	1	2014	{25,1,7}
38415	Mama (SK)	3.67	21	1	2014	{10,7}
38416	The Mermaid	3.75	1151	1	2014	{7,12,1}
38535	Piano (KR)	3	6	1	2001	{6,10}
38547	The Three Musketeers (SK)	3.87	169	3	2014	{45,7,36,5,4,6}
38548	Reset	3.83	66	1	2014	{25,26,28}
38550	Hangul	5	5	2	2011	{38,11,32,10,37}
38560	Super Idol Chartshow	3.64	27	1	2014	{1,37,32}
38561	The Return of Superman	4.42	134	1	2013	{1,10,18,37}
38570	5 Minute Before Chaos	4.58	186	1	2014	{37,1,38,32}
38612	Little Women (KR)	5	3	1	2004	{10,6}
38652	Show Me The Money (KR)	4.4	752	4	2014	{37,32,96}
38671	Trio	5	2	1	2002	{6}
38682	Life is Beautiful (SBS)	4.25	11	1	2010	{6}
38727	Manny	3.56	61	1	2011	{6}
38734	Full of Sun	0	6	1	2000	{7,6}
38747	BTS American Hustle Life	4.58	633	1	2014	{37}
38748	Hitmaker	4.22	196	2	2014	{37}
38756	Rookie King Channel Bangtan - Bangtan Boys	4.58	445	1	2013	{37}
38769	Queen Seon Deok	3.94	77	1	2009	{45,6,7}
38780	She's So Lovable	3.59	527	1	2014	{6,32,7}
38781	Secret Door	3.5	41	1	2014	{5,36,6,45}
38782	The Greatest Marriage	3.72	225	1	2014	{6,1,7}
38783	Rosy Lovers	3.67	31	1	2014	{6,7,10}
38785	Misaeng	4.39	271	1	2014	{6}
38787	Liar Game (SK)	4.28	734	1	2014	{25}
38788	Bad Guys	4.28	707	1	2014	{26,4,28}
38789	Modern Farmer	3.91	546	1	2014	{7,32}
38790	The Spring Day of My Life	3.93	69	1	2014	{6,7,35}
38791	Another Parting	3.77	32	1	2014	{4,7,6}
38792	Pluto Secret Society	0	3	1	2014	{18,25}
38793	Twenty Years Old	3.75	212	1	2014	{7,2}
38794	There is a Bluebird	0	5	1	2014	{25,10,6}
38795	Wonderful Day in October	5	2	1	2014	{10,7}
39035	Joseon X-Files: Secret Book	3.83	27	1	2010	{45,9}
39126	Apgujeong Midnight Sun	5	15	1	2014	{10,7,6}
39127	Pride and Prejudice (KR)	3.8	345	1	2014	{7,6}
39128	The Legendary Witch	3.86	44	1	2014	{10,7}
39129	Family Secrets (2014)	4	23	1	2014	{10,7}
39130	Tears of Heaven	0	8	1	2014	{7,10}
39169	MIX & MATCH	4.39	475	1	2014	{38,32,96,37}
39227	Boarding House No. 24	4.15	63	1	2014	{1,7}
39278	I Love Hyun-jung	0	3	1	2002	{6}
39340	Non-Summit/Abnormal Summit (비정상회담)	4.57	343	1	2014	{1}
39361	The Youth in Bare Foot	5	2	1	2005	{6}
39375	Birth of a Beauty	3.84	793	1	2014	{1,7,6}
39387	Mr. Baek	3.86	133	1	2014	\N
39388	Sweet Secret	2.83	26	1	2014	{7,10}
39406	Dr. Frost	3.67	267	1	2014	{26,28}
39454	Lady of the Storm	4.5	9	1	2014	{7,6,10}
39455	You Are The Only One	4	9	1	2014	{6,7,10}
39456	Pinocchio	4.35	2579	1	2014	{7,10,12}
39458	Valid Love	3.38	146	1	2014	{7}
39459	Love Frequency 37.2	3.33	8	1	2014	{7,1}
39460	Run, Jang Mi	0	7	1	2014	{7,10}
39467	Dating Now	2.2	9	1	2002	{6}
39479	I GOT7	4.35	315	1	2014	{2,37}
39538	90:2014	4.03	173	1	2014	{37,32}
39551	I Do, I Do	3.61	130	1	2012	{1,7}
39596	The King's Face	3.41	108	1	2014	{6,7,26,45}
39605	Rookie King: Channel Bangtan	4.6	128	1	2013	{37,2}
39640	The Virus	3.82	71	1	2013	{25,26,6}
39651	XOXO EXO	4.14	297	1	2014	{32,37}
39652	Mystery 6	4	24	1	2006	{30,25,37}
39690	Sweden Laundry	3.68	35	1	2014	{12,6,1}
39704	Saturday Night Live Korea	4.3	58	5	2011	{1,37,48}
39711	Healer	4.55	1936	1	2014	{4,7,26,1,6}
39737	The Genius	4.79	44	4	2013	\N
39755	Mnet Asian Music Awards (MAMA)	4.53	41	1	2013	{32}
39767	Model	3	4	1	2002	{6}
39799	Golden Timе	4	25	1	2012	{6,35}
39819	Punch (2014)	4	27	1	2014	{26,36,7,6}
39828	Pororo The Little Penguin	3.8	24	6	2003	{10,18}
39858	Match Made in Heaven	5	9	1	2004	{6}
39998	Ad Madness	5	2	1	1999	{7,6}
40219	Tender Hearts	5	2	1	2001	{6,10,7}
40289	Good News (KR)	5	2	1	2003	{6}
40290	Popcorn (KR)	5	2	1	2000	{6,1}
40948	Like Father, Unlike Son	5	2	1	2001	{10,6}
41524	Maids	3.95	33	1	2014	{26,7,4,45}
41525	Seonam Girls High School Investigators	3.33	34	1	2014	{2,7,25,28}
41624	Family Outing [aka The Family Is Coming]	3.11	33	1	2015	{7,1,10}
41633	Kill Me, Heal Me	4.48	2214	1	2015	{35,7,1}
41634	Persevere, Goo Hae Ra	3.77	183	1	2015	{32,7}
41675	Heart to Heart	3.95	317	1	2015	{7,1,35}
41677	Fabulous Neighbor	3.22	38	1	2015	{10,7,6}
41678	Spy (SK)	3.39	172	1	2015	{4,10,7,26}
41679	Iron Lady Cha	0	6	2015	2015	\N
41865	Hyde, Jekyll, Me	3.71	976	1	2015	{1,7}
41866	My Heart Twinkle Twinkle	3.14	27	1	2015	{10,7,6}
41867	Shine or Go Crazy	3.93	124	1	2015	{45,7,12,6}
41868	City of the Sun	4.5	18	1	2015	{6}
41906	Style Log	4.47	39	2	2013	{57}
41979	I Summon You, Gold	3.33	24	1	2013	{7,1,10}
41984	2NE1 TV	4.19	98	3	2009	{37}
42017	The Dawn of the Empire	0	2	1	2002	{6}
42084	Команда Зеро	4.67	6	1	2009	{1,7}
42094	VIXX File	4.44	76	1	2013	{37}
42117	Ho Goo's Love	3.98	207	1	2015	{7,1}
42125	NO.MERCY (노머시)	4.26	190	1	2014	{11,96}
42131	Да здравствует любовь!	5	6	1	2011	{1,7}
42132	Unpretty Rapstar	3.97	513	3	2015	\N
42151	Amazing f(x)	4.56	26	1	2013	{1,37,50}
42175	Blood	3.86	1024	1	2015	{35,12,7}
42189	Heard It Through the Grapevine	4.16	92	1	2015	{6,10,1}
42191	Dream Knight	3.96	497	1	2015	{6,32}
42234	Jingbirok	3	16	1	2015	{6,45,27}
42235	Bluebird House	3.64	23	1	2015	{6,10}
42236	Unkind Women	2.86	29	1	2015	{10,6}
42311	VIXX One Fine Day	4.59	137	1	2015	{34,37,1}
42387	Око дьявола	3.14	30	2	2014	{6,26}
42412	Super Junior Mini-Drama	4.05	58	1	2006	{37}
42417	Super Junior Full House	4.22	61	1	2006	{37}
42430	Mnet Band of Brothers	3	6	1	2008	{32,37}
42449	Healing Camp, Aren't You Happy	4	20	1	2011	{37,54}
42462	Super Junior-M Guest House	4.08	45	1	2014	{50,37}
42539	The Girl Who Can See Smells	4.15	1030	1	2015	{7,1,12,26,6}
42544	VIXX Plan V Diary	4.58	75	1	2013	{1,37}
42564	Super Daddy Yeol	3.7	80	1	2015	{10,1,6}
42636	Singer Game (Mnet)	3.4	10	1	2014	{32,96,37}
42672	Falling for Innocence	4.16	356	1	2015	{7,1,6}
42684	Angry Mom	4.39	681	1	2015	{6,25,10}
42718	The Lover	4.21	874	1	2015	{1,7}
42732	Idol Star Athletics Championships	4	92	1	2010	{44,37}
42750	Missing Noir M	4.27	140	1	2015	{4,26,28}
42768	EXO Next Door	4.17	1705	1	2015	{7,32,1}
42771	Let’s Eat 2	3.98	95	2	2015	{6,1,7}
42777	Where Is My Friend's Home	4.5	72	1	2015	{1,50,10}
42780	My Unfortunate Boyfriend	3.69	223	1	2015	{7,1}
42783	I Can See Your Voice	4.32	60	3	2015	{11,32}
42787	GIANT	3.83	8	1	2010	{4,28,7}
42793	Fluttering India	4.36	143	1	2015	{50,37}
42804	Let's Go Dream Team (출발 드림팀)	3.91	22	2	1999	{44,37}
42835	Thank You My Son	3.33	11	1	2015	{10,6,1}
42845	VIXX TV	4.58	91	2	2012	{34,37}
42892	Paemilli	4	17	1	2012	{1,10}
42895	Potato Star 2013QR3	4.39	44	1	2013	{7,1,6,10}
42914	Hyuna Free Month	4.27	23	1	2014	{32,34}
42921	Comrades	1	3	1	2010	{27,6}
42922	The Musical	3.32	35	1	2011	{32,96,6}
42943	Invincible Youth	3.67	8	2	2009	{37}
42947	Eyes of Dawn	3.67	6	1	1991	{45,7,6}
42958	Shark	4.16	39	1	2013	{28,6,26}
42962	Flower of the Queen	3.4	31	1	2015	{7,6,10}
42965	A Divorce Lawyer in Love	3.57	174	1	2015	{7,6,1}
42980	MATCH UP: Block B Returns	4.48	73	1	2012	{32,1,37}
42989	All My Love	4.09	21	1	2010	{6,1}
42992	Signal B - Block B	4.35	55	1	2013	{37,32,1}
43018	Dr. Mo Clinic	3.51	85	1	2015	{1,7}
43033	The Chaser	5	4	1	2012	{6,26,36,10,28,4}
43044	School 2015: Who Are You?	4.4	1773	1	2015	{6,7,25}
43053	Producer	3.97	566	1	2015	{1,7,6}
43069	Dream (SBS)	3.93	31	1	2009	{7,44}
43070	Kang Goo's Story	3.83	7	1	2014	{7}
43081	One Mom and Three Dads	4.1	50	1	2008	{6,7}
43082	Vampire's Flower	3.31	147	1	2014	{12,6}
43084	Ex-Girlfriend Club	3.96	416	1	2015	{7,1}
43099	Orange Marmalade	3.4	993	1	2015	{12,7}
43101	Bang Ja Chronicles	4	3	1	2011	{7,6}
43103	SIXTEEN (JYP)	4.08	220	1	2015	{11,96,38,2}
43134	Dating Alone	4.13	31	1	2014	{37,7}
43141	Partner	3.29	29	1	2009	{6,7}
43158	When It's At Night	3.67	8	1	2008	{1,7}
43159	Jumping Girl	3.37	33	1	2015	{7,1}
43160	Road Number One	3.75	18	1	2010	{7,6,4}
43172	Mackerel Run	3.46	67	1	2007	{2,1}
43206	Little Mom Scandal	4	18	2	2008	{1,6}
43210	Masked Prosecutor	3.24	81	1	2015	{4,6,7,1}
43222	Warm and Cozy	4.08	367	1	2015	{6,7}
43231	The Girl at Midnight	3.72	126	1	2015	{7,1}
43271	U-Turn	4.4	5	1	2008	{7,6}
43272	Holy Land	3.82	36	1	2012	{28,4,6}
43274	Hwajung	4.17	32	1	2015	{6,7}
43291	Telecinema	4	4	1	2009	{7,6,1}
43308	Plus Nine Boys	4.19	45	1	2014	{7,1,6}
43335	Problematic Men (문제적남자)	4.41	80	1	2015	{92,37}
43339	Swallow the Sun	4.55	26	1	2009	{7,6,4}
43353	Love Cells	3.55	81	2	2011	{7,1,12}
43362	Music Video Drama	4.46	51	1	2014	{32,6}
43370	I Love Lee Tae Ri	3.47	53	1	2012	{7,6}
43371	Han River Ballad	0	1	1	2004	{10,6}
43374	Hello Counselor (안녕하세요)	4.29	42	1	2010	{37,1,92}
43382	Mask	4.09	383	1	2015	{7,6}
43421	High Society	3.85	1097	1	2015	{1,7,10,6}
43442	My Love Eun Dong	3.86	125	1	2015	{6,7}
43458	Feel So Goods	4	39	1	2015	{37,75}
43472	MTV Beast Almighty	4.2	10	1	2010	{37,32,54,34}
43497	My Beautiful Bride	3.95	104	1	2015	{26,25,28,4}
43529	4 Things Show	4.34	99	2	2014	{54,34,37}
43555	Birth Of A Family	4.14	12	1	2011	{104,37,10}
43584	Seventeen Project	4.2	96	1	2015	{32,37,2}
43636	Hidden Identity	3.91	134	1	2015	{4,26,28}
43655	Remember You	4.43	1012	1	2015	{26,25,7}
43699	Girl of 0AM	3.57	40	1	2015	{7}
43733	Hyoyeon's Million Likes	4.29	34	1	2015	{34,57}
43755	The Time We Were Not in Love	3.94	438	1	2015	{6,7}
43780	We broke up	3.83	212	1	2015	{7,6,1}
43794	My Love Eundong - The Beginning	3.82	27	1	2015	{7}
43795	King of Mask Singer	4.41	92	1	2015	{37,32}
43813	f(x) Koala	0	7	1	2010	{5,34,106,50,4,37}
43815	Hello f(x)	0	7	1	2010	{11,50,32,54,10,37,34,2}
43817	Oh My Ghostess	4.35	683	1	2015	{6,7,1}
43818	Beast Idol Maid	4.4	9	1	2010	{32,54,37,1,34}
43819	Happy Together (TV-show)	4.05	52	1	2001	{1,37}
43827	Fall in Love with Soon-Jung	4.11	220	1	2015	{1,6}
43852	100 Points Out of 100	3.94	21	1	2010	{1,37}
43856	The Return of Hwang Geum Bok	0	4	1	2015	{7,10}
43858	Scholar Who Walks the Night	3.96	435	1	2015	{45,7,12}
43863	Smile, Dong Hae	4.5	10	1	2010	{6,10}
43873	Bachelor's Vegetable Store	3.9	24	1	2011	{6,1,7}
43912	B1A4 One Fine Day	4.25	30	1	2014	{50,37}
43941	Sasohan Dojeon 60-cho	0	0	1	2011	{10}
43946	Hot blood (JYP)	4.63	15	1	2008	{96,37}
43949	Assembly	3.75	19	1	2015	{6}
43957	I Order For You	3.79	95	1	2015	{7,1,56}
43966	Sesame Player	4.43	51	3	2011	{54,37,32,34,2}
43973	Scent of A Man	0	0	1	2003	{6}
43982	One Sunny Day	4.07	57	1	2014	{7}
43995	ToppDogg 3 Days of Summer in Japan	4	12	1	2014	{37,5,34}
44002	Kara Project	3.57	10	1	2014	{32,37}
44027	Heart a tag	4.6	15	1	2015	{37,34}
44030	A Song For You	3.8	60	4	2013	{1,32,54,37}
44077	Tae Wang Sa Shin Gi	3.8	18	1	2007	{5,45}
44117	Yong Pal	3.97	380	1	2015	{35,6}
44118	Super Junior One Fine Day	4.54	44	1	2014	{50,54,37,34,32}
44124	Mrs. Cop	4.03	115	2	2015	{26,28,6}
44133	EXID Showtime	4.5	47	1	2015	{37,1,54}
44184	Prince's Prince	3.62	59	1	2015	{6,1}
44214	Last	3.75	19	1	2015	{28,4,26}
44228	Make a Woman Cry	3.33	8	1	2015	{10,1,7}
44232	Apink's Showtime	4	26	1	2014	{37}
44270	Poseidon	3	33	1	2011	{6,4,105}
44353	Twenty Again	4.19	243	1	2015	{7,1}
44355	The Virtual Bride	3.55	26	1	2015	{10,1}
44379	I Have a Lover	4.07	46	1	2015	\N
44426	I am A Man (나는 남자다)	4.33	11	1	2014	{54}
44458	D-Day	4.35	358	1	2015	{35,6}
44459	She Was Pretty	4.4	1988	1	2015	{7,1,6}
44475	Late Night Restaurant	4.75	28	1	2015	{25,6}
44476	Dong Yi	4	16	1	2010	{1,7,45,6}
44477	Six Flying Dragons	4.59	97	1	2015	{4,45,6}
44478	All About My Mom	4	21	1	2015	{5,6,10}
44483	Because It's the First Time	4.07	240	1	2015	{7,1}
44497	Cheer Up!	4.38	981	1	2015	{7,6,1}
44510	The Village: Achiara's Secret	4.06	266	1	2015	{6,26}
44561	Save the Family	3	3	1	2015	{7,10}
44573	Mom	4	9	1	2015	{10,6}
44609	Noble, My Love	4.03	156	1	2015	{6,7}
44615	My Daughter, Geum Sa Wol	4	14	1	2015	{10,6}
44616	Glamorous Temptation	3.58	55	1	2015	{10,7,6}
44621	Nice Guy	4.02	234	1	2012	{6,7}
44622	Falling for Innocence	4.1	36	1	2015	{6,7,1}
44662	Cruel Palace - War of Flowers	4	10	1	2013	{6,45,7}
44663	Heaven's Will: The Fugitive of Joseon	3.6	20	1	2013	{6,26,45,7}
44744	Heartless City	4.2	29	1	2013	{28,26,4}
44753	My Love from Another Star	4.32	36	1	2013	{7,6,1}
44785	Channel Girls' Generation	4.44	30	1	2015	\N
44867	Yaksha	3	9	1	2010	{4,5,6}
44897	Bubblegum	3.59	195	1	2015	{6,7}
44938	The Awl	4.3	16	1	2015	{6}
44980	Answer Me 1988	4.6	471	1	2015	{6,7,1}
45008	Yellow Boots	4	4	1	2012	{28,6}
45031	Daily Taeng9 Cam	4.57	9	1	2015	\N
45114	The Merchant: Gaekju 2015	3	11	1	2015	{6,45}
45132	A Daughter Just Like You	4	9	1	2015	{10,1,7,6}
45134	Crime Scene	4.78	38	2	2014	\N
45138	Exactly What's Going On	3.33	20	1	2015	{1,7,12}
45159	Beautiful You	0	1	1	2015	{10,7}
45163	Secret Message	3.82	100	1	2015	\N
45176	Miss Mamma Mia	0	2	1	2015	{10,7}
45212	f(x)=1cm	4.58	34	1	2015	\N
45251	Oh My Venus	4.35	1371	1	2015	{6,7,1}
45263	Boys Over Flowers	4.27	94	1	2009	{6,7,1}
45276	Two Yoo Project: Sugar Man	4.61	38	1	2015	\N
45277	Please Take Care of My Refrigerator	4.29	38	1	2014	\N
45278	Lee Soo Geun and Kim Byung Man's High Society	5	1	1	2011	\N
45284	Answer Me 1997	4.53	58	1	2012	{1,6,7}
45285	I Remember You	4.45	201	1	2015	{1,25,7,26}
45310	Take Care of the Young Lady	3	7	1	2009	{6,7,1}
45316	Witch's Romance	4.21	60	1	2014	{7,1,6}
45328	INFINITE Showtime	4.71	178	1	2015	\N
45346	A Well Grown Daughter, Hana	3.8	13	1	2013	{7,10,6}
45365	Imaginary Cat	3.94	229	1	2015	\N
45397	Remember - War of the Son	4.22	318	1	2015	{6,26}
45398	Cheese in the Trap	4.24	1827	1	2016	{6,7}
45405	The Dearest Lady	4.5	6	1	2015	{6,7,10}
45425	Splash Splash Love	4.43	264	1	2015	{7,45,6,12}
45443	Moorim School	4.1	1198	1	2016	{4,6,7,12}
45444	Mr. Back	4.06	29	1	2014	{12,7,6,1}
45462	Will It Snow at Christmas?	3.5	17	1	2009	\N
45560	The Equator Man	4.25	9	1	2012	{26,6}
45568	Prince Hours	0	1	1	2007	{6,1,7}
45873	Bad Couple	3.5	4	1	2007	{6,7,1}
45890	Road No. 1	0	1	1	2010	{27,7,4,6}
45891	President	0	2	1	2010	\N
45904	Friend, Our Legend	0	0	1	2009	{28,6}
45993	Peninsula	0	1	1	2012	{6}
45995	Eve's Love	0	1	1	2015	\N
46004	Everybody, Kimchi!	0	1	1	2014	\N
46005	Mama - Nothing to Fear	4	5	1	2014	{6,7,10}
46012	Single Minded Dandelion	0	1	1	2014	{10,6,7}
46028	Family Secrets	0	0	2014	2014	\N
46040	Love & Secret	1	2	1	2014	{7,6,10}
46051	Punch	4	3	1	2014	{114,6,26}
46058	Detectives of Seonam Girls' High School	3.2	12	1	2014	{7,25}
46110	City Hunter	4.38	41	1	2011	{4,26,7}
46484	The 3rd Hospital	3.67	3	1	2012	{7,6,35}
46934	Who Are You?	5	2	1	2008	{1,7,6}
47049	Sweet Home, Sweet Honey	0	4	1	2015	{7,10}
47050	Empire of Gold	3	3	1	2013	{10,7,6,26}
47086	TV Novel: The Stars Are Shining	0	1	1	2015	{6,7,10}
47319	You Are So Pretty	0	0	1	2011	\N
47342	Gunman in Joseon	4	10	1	2014	{45,6,4,7,26}
47343	Victory for Tomorrow	0	4	1	2015	\N
47352	The Mother and Daughter in Law	0	0	1	2015	\N
47377	아내가 뿔났다 (Angry Wife)	0	3	1	2015	\N
47637	Jang Young Shil	4.75	29	1	2016	{6,45}
47638	Descendants of the Sun	4.61	1530	1	2016	{7,6,35}
47639	One More Happy Ending	4.09	305	1	2016	{7,6}
47641	Goodbye Mr. Black	3.65	151	1	2016	{26,6,7}
47642	Witch's Castle	5	16	1	2015	{6,7,10}
47643	Yeah, That's How It Is	0	15	1	2016	{6,10}
47929	Riders: Get Tomorrow	3	6	1	2015	\N
47989	Twelve Men in a Year	3.33	13	1	2012	\N
47996	3 Days	3.5	14	1	2014	{4,25,28,7,26,6}
48002	Uncontrollably Fond	4.1	878	1	2016	{7,6}
48041	My Son-in-Law's Woman	3.5	26	1	2016	{10,6}
48076	Jumong	5	10	1	2006	{7,6,4}
48119	The Slave Hunters	5	8	1	2010	{4,6,45}
48185	MONSTA X's Right Now	4.73	186	1	2016	\N
48205	Crime Squad	3.73	24	1	2011	\N
48213	Signal	4.72	424	1	2016	{28,26}
48216	Madame Antoine	4.02	672	1	2016	{6,1,7}
48225	Local Hero	3.82	301	1	2016	{1,28,4}
48229	Cheers to Me	1	3	1	2015	{6}
48266	Produce 101	4.02	160	1	2016	\N
48288	Iron Man	3.25	18	1	2014	{7,12,6}
48297	Sweet Temptation	3.67	12	1	2015	\N
48326	Horse Doctor	5	5	1	2012	{35,45,7,6}
48352	High-end Crush	3.98	175	1	2015	{6,7}
48365	Heaven's Promise	3.55	42	1	2016	{6,7,28}
48383	Vampire Detective	3.94	364	1	2016	{12,28,6}
48412	Page Turner	4.46	377	1	2016	{6,32}
48444	Start Love	3.43	11	1	2015	{7,1}
48474	Choco Bank	3.97	185	1	2016	{6,7,1}
48490	Come Back, Mister	4.14	464	1	2016	{6,1}
48557	Happy Home	5	16	1	2016	{6,10}
48579	Marriage Contract	4.18	181	1	2016	{7,6}
48623	TWICE Private Life	4.53	49	1	2016	\N
48627	No Mercy	4.48	99	1	2014	{32}
48633	Falling for Challenge	4.18	105	1	2015	\N
48635	Monster	4.25	65	1	2016	{6,7,1}
48705	Pied Piper	4.17	66	1	2016	{6,4,28,26}
48731	The Flatterer	3.58	37	1	2015	{1,6}
48743	My Lovely Girl	3.91	29	1	2014	{32,6,7}
48748	All is Well	2	4	1	2015	{6,7,10}
48764	Jackpot	3.96	145	1	2016	{45,6}
48782	Nightmare Teacher	4.18	192	1	2016	{6,25}
48784	Memory	4.27	47	1	2016	{6}
48789	Celebrity Bromance	4.47	155	1	2016	\N
48795	Flower Boy Ramen Shop	4.29	35	1	2011	{1,6,7}
48805	Bad Tempered Grown-ups	3.68	66	1	2016	{7,6,1}
48811	Discovery of Romance	3.58	22	1	2014	{7,1,6}
48834	Bolder by the Day	0	0	1	2011	{1,6}
48873	Bad Love	4	2	1	2007	{7,6}
48874	Bubblegum Crisis	4	7	1	1987	{29,9,4,5}
48897	My Lawyer, Mr. Jo	4	30	1	2016	{6,114}
48908	Hot Blood	0	1	1	2009	{6}
48924	Five Children	4.17	23	1	2016	{10,6,7}
48940	Match Up BLOCK B and B1A4	4.27	31	1	2011	\N
48945	Brain	5	4	1	2011	{35,7,6}
48949	Match Up Special: Block B in Japan	4.17	21	1	2011	\N
48969	Master: God of Noodles	4.38	28	1	2016	{6,7}
48992	My Little Baby	4.17	44	1	2016	{6}
49008	Dating Agency: Cyrano	3	7	1	2013	{1,7}
49009	Man of Honor	4.6	9	1	2011	{6,7}
49029	Entertainer	4.05	505	1	2016	{6,7,1}
49031	Dae Jo Yeong	2	2	1	2006	{45,6}
49060	Lucky Romance	4.12	461	1	2016	{1,6,7}
49064	Flower Boys Next Door	4.45	35	1	2013	{6,7,1}
49072	The Birth of the Rich	3.8	12	1	2010	{7,6}
49073	The Thorn Birds	4.43	22	1	2011	{7,6}
49095	1% of Anything	3.57	12	1	2003	{1,6,7}
49123	NCT Life	4.52	145	4	2016	\N
49158	God of Study	4.17	11	1	2010	{7,1,6}
49198	History Panda Plan	5	2	1	2013	\N
49199	Half-moon Friends	4.82	158	1	2016	\N
49205	Doctors	4.2	812	1	2016	{35,6}
49209	Another Oh Hae Young	4.21	272	1	2016	{7,1}
49210	Moonlight Drawn by Clouds	4.35	640	1	2016	{1,7,45}
49216	Standby I.O.I	4.25	13	1	2016	\N
49232	Mirror of the Witch	3.68	306	1	2016	{45,12,30,6,7}
49233	Babysitter	4.5	25	1	2016	{6,25,26}
49238	Heaven and Earth	0	1	1	2007	{7,6,10}
49286	Let's Fight Ghost	4.3	879	1	2016	{12,6,1}
49287	Delightful Girl, Choon Hyang	3.33	4	1	2005	{1,7,6}
49290	Midas	3.5	15	1	2011	{6,7}
49293	The Great King, Sejong	0	1	1	2008	{6,45}
49296	Dear My Friends	4.64	36	1	2016	{1,10,6}
49322	Beautiful Gong Shim	4.04	461	1	2016	{6,7,1}
49329	My Daughter Seo Young	4	3	1	2012	{7,10,6}
49330	The Flower in Prison	4.25	26	1	2016	{6,45}
49345	Cinderella's Sister	3.4	11	1	2010	{7,6}
49368	Heartstrings	4.29	11	1	2011	{7,6,1,32}
49399	Smile, You	3	2	1	2009	{7,10,1,6}
49453	Police Unit 38	4.06	301	1	2016	{1,6,28}
49468	Myung Wol the Spy	4.67	5	1	2011	{1,7,6}
49473	Cloud Stairs	0	2	1	2006	{7,6}
49480	Several Questions That Make Us Happy	0	0	1	2007	{7,1,6}
49483	Oh! Pil Seung and Bong Soon Young	0	0	1	2004	{6,7,1}
49495	Pure Love	0	0	1	2013	{10,6,1}
49505	Ojakgyo Brothers	4	6	1	2011	{7,10,6}
49507	Two Mothers	0	2	1	2014	{10,7,6}
49511	Cinderella Man	3	3	1	2009	{10,7,6}
49517	Someday	3.5	2	1	2006	{7,6}
49523	Cheer Up, Mr. Kim!	0	0	1	2012	{1,7,10}
49532	Until We Can Love	0	0	1	1996	{7,6}
49537	Kimcheed Radish Cubes	4	1	1	2007	{6,7}
49547	What Happens to My Family?	5	3	1	2014	{10,1,7}
49551	Medical Gibang Cinema	3	4	1	2007	{42,6,45}
49559	The Queen of Office	3.5	4	1	2013	{1,6,7}
49571	Pentagon Maker	4	23	1	2016	\N
49581	Jeon Woo Chi	3.67	8	1	2012	{4,7,12}
49611	Beautiful Mind	4.41	207	1	2016	{35,6,26}
49613	Sweet 18	2.6	8	1	2004	{1,6,7}
49616	Housewife's Rebellion	0	0	1	2000	{1,6,7}
49619	The Iron Empress	0	1	1	2009	{45,4,27,6}
49625	Baek Hee Has Returned	4	30	1	2016	{10,6,1}
49631	My Life's Golden Age	0	0	1	2008	{10,6,7}
49635	Unexpected You	4.5	5	1	2012	{10,1,7,6}
49637	TV Novel: Stepmother	0	0	1	2001	{10,6}
49639	1 Night 2 Days	4.92	24	3	2007	\N
49640	Life is Beautiful	0	0	1	2001	{7,6}
49649	Real Men	4.8	14	2	2013	\N
49650	Wanted	4.39	144	1	2016	{28,6,26,4}
49660	My Mom! Super Mom!	0	1	1	2007	{10,6,18}
49668	Invincible Parachute Agent	1	2	1	2006	{1,6,4,7,105}
49675	Rock Rock Rock	4	5	1	2010	{6,32}
49676	Call of the Country	4	1	1	2010	{7,6,1}
49678	Witch Yoo Hee	4	14	1	2007	{6,1,7}
49684	Duet Song Festival	5	7	1	2016	{32}
49705	d.o.b: Dance or Band	4.33	13	1	2016	\N
49747	The Invisible Man	0	0	1	2006	{6}
49758	Love & Marriage	3.75	8	1	2008	{6,7}
49812	The Unusual Family	4	15	1	2016	{6,10}
49813	A Look at Myself	5	8	1	2015	\N
49821	Taste of Others	5	13	1	2015	\N
49824	Padam Padam	0	1	1	2011	{6,7}
49838	Kyung Sook's Father	0	1	1	2009	{6,10,1}
49845	The Bride Mask	0	1	1	2012	{6,4,7}
49860	The Women of Our Home	0	0	1	2011	{10,6,7}
49866	Tokyo Shower	4	1	1	2008	{6,7}
49883	TV Novel: Sam Saeng	0	1	1	2013	{10,7,35,6}
49892	Ruby Ring	0	1	1	2013	{10,7,6}
49904	I'll Give You Everything	0	1	1	2009	{7,6}
49913	Jealousy Incarnate	4.27	478	1	2016	{1,6,7}
49920	I Believe in Love	4	1	1	2011	{6,10,7}
49922	The Good Wife	4.39	238	1	2016	{6}
49945	The Devil	4	5	1	2007	{28,6,26,25}
49950	W	4.54	1758	1	2016	{6,7,26}
49965	Little Girl Detective	3	1	1	2012	{1}
49983	The Legend of the Blue Sea	4.3	1038	1	2016	{7,12,1}
49984	On the Way to the Airport	4.11	51	1	2016	{7,6}
49986	Age of Youth	4.73	359	1	2016	{6,7,1}
49994	Moon Lovers: Scarlet Heart Ryeo	4.59	1377	1	2016	{45,7,12}
50011	Fan Heart Attack Idol TV	4.71	35	1	\N	\N
50028	Happiness in the Wind	0	1	1	2010	{10,6,7}
50054	Entourage	3.78	295	1	2016	{1,6}
50055	Hero	4	1	1	2012	{12,4}
50087	Invincible Lee Pyung Kang	3.5	5	1	2009	{7,1,6}
50091	The Queen Returns	0	1	1	2009	{6,7}
50092	I'm Going to Touch You	3.57	55	1	2016	{6,7,1}
50093	Cinderella and the Four Knights	4.25	1325	1	2016	{7,1,6}
50095	Immutable Law of First Love	5	2	1	2015	{7,6}
50116	Sharp	0	1	3	2003	{7,6,1}
50122	Tomorrow Boy	3.61	55	1	2016	{6,7}
50123	Sang Doo, Let's Go to School	4	4	1	2003	{7,1,6}
50144	Resurrection	0	1	1	2005	{6,26}
50214	The Woman Who Still Wants to Marry	0	2	1	2010	{6}
50215	Destined to Love	0	2	1	2007	{7,6}
50239	Likeable or Not	0	1	1	2007	{7,6}
50254	Devil's Diary	3.79	62	1	2016	{1,6,7}
50274	Second to Last Love	3.82	50	1	2016	{42,6,7}
50277	The Collaboration	4.5	18	1	2016	\N
50303	Running	0	3	1	2010	{6}
50319	Incomplete Life	5	2	1	2014	{6}
50323	A Better Tomorrow	3.2	8	1	2014	{7,6}
50325	Lily Fever	3.14	12	1	2015	{6,7}
50342	Women's Secret	3	9	1	2016	{6}
50345	Star's Echo	0	3	1	2004	{6,7}
50352	Boys24	4.44	31	1	2016	\N
50358	Hwarang	4.56	863	1	2016	{6,45,7}
50376	Evasive Inquiry Agency	4.5	5	1	2007	{7,25,1}
50378	Liar Game	3.6	9	1	2014	{25,6,26}
50381	Puck!	4.6	5	1	2016	{6,44}
50383	Missing Korea	3	5	1	2015	\N
50385	Our Gab Soon	4.08	57	1	2016	{10,7,6}
50397	Key's Knowhow	4.86	12	1	2015	\N
50412	Drinking Solo	4.3	305	1	2016	{1,6,7}
50421	I Live Alone	4	7	1	2013	\N
50422	Hit the Stage	4.57	251	1	2016	\N
50431	Ohlala Couple	3	1	1	2012	{6,7,1}
50444	Rising! Up10tion	4.63	11	1	2015	\N
50452	Love on a Rooftop	0	1	1	2015	{7,6,10}
50453	Special Crime Investigation	0	0	1	2006	{28,25,6}
50459	My Love, Madame Butterfly	3	3	1	2012	{6,10,7}
50465	Sword and Flower	0	2	1	2013	{7,4,6,45}
50478	BTS Bon Voyage	4.87	237	1	2016	{1}
50496	TV Novel: Dear My Sister	0	1	1	2011	{6,45}
50507	Moon Embracing the Sun	0	1	1	2012	{45,6,12,7}
50514	Sistar Showtime	2	7	1	2015	\N
50515	Mamamoo x GFriend Showtime	4.44	20	1	2016	\N
50522	The K2	4.19	753	1	2016	{6,4}
50526	Woman with a Suitcase	3.54	36	1	2016	{7,6}
50527	Weightlifting Fairy Kim Bok Joo	4.7	891	1	2016	{44,7,6}
50544	You Are a Gift	1.5	10	1	2016	{7,6}
50547	Get It Beauty	4.67	7	1	2016	\N
50554	Sad Goodbye	1	1	1	2005	{7,6,10}
50574	I'm Glad I Loved You	0	1	1	2010	{6,10,7}
50580	Fantastic	3.67	66	1	2016	{1,6,7}
50582	Police	0	1	1	1994	{25,6}
50585	Color of Woman	2.75	6	1	2011	{7,6}
50594	Spark	1.33	7	1	2016	{7,6,32}
50718	Salamander Guru	0	2	1	2012	{1}
50725	The Great Seer	0	4	1	2012	{6,7,45,4}
50740	Love and Obsession	0	0	1	2009	{6}
50744	The Wedding Scheme	3	7	1	2012	{7,1}
50774	Korea's Next Top Model	4.25	13	5	2010	\N
50792	Shopping King Louie	4.3	495	1	2016	{7,1,6}
50818	beautiology101	3.67	8	1	2016	{1,6,7}
50859	Childless Comfort	4	2	1	2012	{10,7,1,6}
50866	Scan2Go	0	3	1	2012	{29,4,18}
50881	After the Show Ends	3.95	31	1	2016	{6,7}
50887	That Fool	0	2	1	2009	{7,1,6}
50889	Bad Boys	0	0	1	2000	{6,7}
50900	TV Novel: That Sun in the Sky	0	4	1	2016	{6}
50931	Aftermath	4.5	5	2	2014	{7,12,6}
50940	Blow Breeze	5	8	1	2016	{10,6,7}
50954	You're My Oppa	3.67	4	1	2010	\N
50970	Please Marry Me	0	1	1	2010	{10,6,7}
50977	She is 200 Years Old	2.6	16	1	2015	{7,1,12}
50996	Secret Campus	2	2	1	2006	{6,1}
51013	Standby	0	1	1	2012	{1,6}
51020	Wang's Family	3.67	3	1	2013	{10,6,7,1}
51029	Sweet Stranger and Me	3.84	331	1	2016	{6,7,1}
51075	Sister's Slam Dunk	2.5	9	1	2016	\N
51076	Girl Spirit	3.75	8	1	2016	\N
51093	Dad! Where Are We Going?	5	4	2	2013	\N
51094	My Neighbor, Charles	5	3	1	2015	\N
51095	Gag Concert	0	1	5	2012	{1}
51124	The Sons of Sol Pharmacy House	5	2	1	2009	{7,6}
51125	The Gentlemen of Wolgyesu Tailor Shop	0	5	1	2016	{10,6,1}
51133	Enchanted BASTARZ	5	4	1	2015	\N
51136	Sseom with Block B	3.5	7	1	2016	\N
51139	Something About 1%	4.21	194	1	2016	{7,1}
51157	Youth Over Flowers	4.33	7	4	2014	{50}
51166	[M2] Let's play with Block B	4.83	9	1	2016	\N
51167	Live idol TV - Private life	5	3	1	2016	\N
51206	Saimdang, Light's Diary	4	17	1	2016	{7,6,45}
51216	The Greatest Thing in the World	4	2	1	2013	{6,1,7}
51274	My Wife's Having an Affair This Week	3.88	85	1	2016	{6,7,1}
51276	Goblin	4.75	1452	1	2016	{12,6,7}
51298	Star Show 360	4.35	61	1	2016	\N
51337	Alien Sam	0	0	1	2006	{9,18,1}
51361	Maps	5	2	1	2015	\N
51372	Father, I'll Take Care of You	3	11	1	2016	{10,6}
51378	Advocate	0	0	1	1998	{7,6}
51391	The Day After We Broke Up	4.6	19	1	2016	{32,6,7}
51394	Positive Physique	4.15	200	1	2016	{7,6}
51401	Momin's Room	3.75	10	1	2016	{10,7,6}
51411	Unstoppable High Kick	0	1	1	2006	{1}
51429	Ask Us Anything	4.54	36	1	2015	\N
51430	Hip Hop Tribe 2 : Game of Thrones	4	17	1	2016	\N
51431	Law of the Jungle	4.43	25	29	2011	\N
51439	Hyuna x19	4.8	8	1	2016	\N
51441	Romantic Doctor, Teacher Kim	4.2	154	1	2016	{7,35,6}
51443	Jung Yak Yong	0	2	1	2009	{45,25,6}
51465	Working Mom Parenting Daddy	0	2	1	2016	{1,10,6}
51469	Great Inheritance	5	1	1	2006	{6}
51472	Twice TV	4.5	11	4	2015	\N
51491	Hero	0	1	1	2009	{4,6,28}
51495	Advertising Genius Lee Tae Baek	5	1	1	2013	{6,7}
51496	Hair Show	4	2	1	2011	{6}
51525	Snow Lotus	3.33	4	1	2015	{6,7,12}
51533	Goodbye Wife	0	1	1	2012	{7,6}
51534	Couple Breaking	0	0	1	2007	{6,7}
51540	Bangtan Bomb	4.82	62	1	\N	\N
51556	GOT7 on V app	5	18	1	2015	\N
51557	GOT7's Hard Carry	4.76	82	1	2016	\N
51558	GOT7ing	4.39	42	1	2016	\N
51571	You Are My Destiny	2	1	1	2008	{6,10,7}
51585	My Fair Lady	5	11	1	2016	{6,10}
51586	Voice	4.71	118	1	2017	{28,26}
51590	What's Up with These Kids!?	3	19	1	2016	{6,7}
51602	The Sound of Your Heart	4.5	15	1	2016	{6,1}
51603	Night Light	3.8	34	1	2016	{26,7,6}
51634	Hot Brain: Problematic Men	5	6	1	2015	\N
51635	Missing You	0	2	1	2012	{7,6}
51652	Ice World	0	0	1	2016	{25,6,7}
51670	90 Days of Love	0	0	1	2006	{7,6}
51685	Society Game	5	3	1	2016	\N
51686	Ambition	0	0	1	1994	{45,6,5}
51688	B.A.P's One Fine Day	4.67	25	1	2016	\N
51699	Idols on Fire Jung.Dae.Man	5	2	1	2016	\N
51710	WINNER TV	0	3	1	2015	\N
51741	Golden Pouch	3	5	1	2016	{6,26,10}
51747	BTS on V App	4.64	32	1	2015	\N
51749	BTS Gayo	4.46	34	1	\N	\N
51750	GOT7's Confession	5	9	1	\N	\N
51763	My Love	0	0	1	2006	{6,7}
51798	First Kiss for the Seventh Time	3.67	361	1	2016	{7,6}
51799	Love for a Thousand More	4.1	37	1	2016	{7,32,6}
51809	To Be Continued	3.4	12	1	2015	{12,7}
51820	Drawing, Spring	4	4	1	2014	{7,6}
51874	Mari and Me	5	7	1	2015	\N
51885	The Miracle	3.78	102	1	2016	{12,7,10}
51901	My Romantic Some Recipe	5	4	1	2016	{113,7}
51917	Jang Ok Jung	5	1	1	2013	{45,7,6}
51919	Solomon's Perjury	4.36	77	1	2016	{28,25,114}
51940	ASTRO Project	4.25	10	1	2016	\N
51941	Gfriend Loves Europe	0	1	1	2016	{50}
51950	First Love Again	0	1	1	2016	{10,7}
51959	TV Novel: Big Sister	0	0	1	2008	{6,10}
51994	Golden Fishery	4.75	7	2017	2007	\N
51995	Love is Drop by Drop	0	2	1	2016	{6,7}
51996	Person Who Gives Happiness	0	1	1	2016	{7,10,6}
52003	Introverted Boss	3.7	190	1	2017	{1,7}
52008	Lipstick Prince	4.5	27	1	2016	\N
52009	First Love	0	1	1	1996	{7,6}
52018	Rude Miss Young Ae	0	0	15	2007	{1,7}
52027	My Old Friend	4	3	1	2016	{10,6}
52039	Angel in My Heart	0	0	1	1997	{7,6}
52041	Tree of Heaven	0	0	1	2006	{6}
52043	Argon	0	0	1	2003	{4,6,7}
52096	Missing Nine	4.23	328	1	2017	{5,26,6}
52105	Tomorrow with You	5	53	1	2017	{12,6,7}
52115	Click Your Heart	4	15	1	2016	{7,1}
52127	Queen In Hyun's Man	3	4	1	2012	{1,12,7}
52135	Seventeen One Fine Day	4.71	19	1	\N	\N
52150	Star King	0	1	1	2007	\N
52154	Bong Soon – a Cyborg in Love	5	3	1	2016	{6,7,9}
52169	The Snow Queen	0	0	1	2006	{6,7}
52173	Monsta X-ray	4.93	53	1	2017	\N
52188	Secretly, Greatly	4.5	4	1	2016	\N
52192	Trick & True	5	3	1	2016	\N
52199	Strong Woman Do Bong Soon	4.33	40	1	2017	{4,12,1}
52201	Defendant	4.65	74	1	2017	{114,26}
52206	101st Proposal	0	1	1	2006	{6,7}
52211	Hot and Sweet	4	3	1	2016	{1,7}
52223	Soon Shim	0	0	1	1988	{6}
52230	Apartment	0	0	1	1995	{6}
52231	Chief Kim	4.3	50	1	2017	{1}
52232	Rebel: Thief Who Stole the People	4.75	20	1	2017	{6,45}
52241	Ruby Ruby Love	4.13	19	1	2017	{1,6,7}
52243	Run! BTS!	4.36	27	1	\N	\N
52253	Naked Fireman	4.1	45	1	2017	{6}
52258	ASTRO OK! Ready	0	3	1	2016	{32}
52279	Birth Secret	0	0	1	2013	{1,7,10}
52282	Golden Tambourine	5	5	1	2016	{1}
52288	Don't Hesitate	0	1	1	2009	{6,7}
52294	Brother Disappeared	4	6	1	2017	{6,25}
52297	Attic Cat	0	0	1	2003	{6,7,1}
52320	Love in Your Bosom	0	0	1	1994	{6,7}
52337	Invitation	0	0	1	1999	{6,7}
52340	Secret Love	0	0	1	2014	{7,12,6}
52341	When a Man Falls in Love	0	0	1	2013	{7,6}
52342	The Universe's Star	4.29	81	1	2017	{12,7}
52343	Romance Full of Life	0	12	1	2017	{7,12}
52344	Queen of the Ring	0	13	1	2017	{7,12}
52355	New Journey to the West	4.75	17	3	2015	\N
52358	Lovelyz in Wonderland	0	1	1	2016	\N
52364	Ruler: Master of the Mask	0	2	1	\N	{6,45}
52365	Topp Dogg: All-Kill	5	3	1	2016	\N
52375	Show Me the Money	0	0	5	2012	\N
52391	Found You, Oh My Girl	0	1	1	2016	\N
52424	Beating Heart	0	0	1	2005	{7,6,10}
52446	Temptation	0	0	1	2014	{6,7}
52450	Strong Family	0	1	1	2017	{10,1}
52455	88 Street	3	1	1	2016	{6}
